Workbook

Sheet 作成ルール
A1: お題作成ルール
A2: このシートの使い方
A3: ・「お題一覧」の C〜G列(お題と選択肢)と I列(メモ)を自由に編集してください。
A4: ・H列「使用」で「しない」を選ぶと、アプリに読み込まない想定です(集計シートに反映)。
A5: ・新しいお題は最終行の下に追加し、IDは「ジャンル記号+連番」(例:A11)で付けてください。
A6: お題の条件
A7: ・正解が本人にしかわからず、答えても恥ずかしくないこと
A8: ・4択のどれが選ばれても、からかいにつながらないこと
A9: ・初対面の人の第一印象から、なんとなく予想できること
A10: 選択肢の並び(アプリ側で表示時にシャッフルする前提)
A11: ・A 定番:多くの人が選びそうな答え
A12: ・B ややずれ:定番の次に多そうな答え
... A20: A 朝と夜/B 食べ物/C 休日/D 部屋/E 子どもの頃/F 性格・習慣/G 音楽/H ファッション/I 趣味

Sheet お題一覧
A1: ID | B1: ジャンル | C1: お題 | D1: 選択肢A (定番) | E1: 選択肢B (ややずれ) | F1: 選択肢C (意外) | G1: 選択肢D (ネタ) | H1: 使用 | I1: メモ
A2: A01 | B2: 朝と夜 | C2: 休日の朝ごはんは? | D2: トースト・パン | E2: 前日の残り物 | F2: 食べない(昼まで寝ている) | G2: ホテル並みにしっかり作る | H2: する
A3: A02 | B3: 朝と夜 | C3: 寝る前に最後に見るアプリは? | D3: SNS | E3: 動画アプリ | F3: 天気・ニュース | G3: 何も見ない(スマホは別の部屋) | H3: する
A4: A03 | B4: 朝と夜 | C4: 目覚ましは何回かける? | D4: 1回で起きる | E4: 3回くらい | F4: 5分おきに10回以上 | G4: 目覚ましなしで自然に起きる | H4: する
A5: A04 | B5: 朝と夜 | C5: 休日に起きる時間は? | D5: 平日と同じ | E5: 9〜10時 | F5: 昼過ぎ | G5: 平日より早い(朝活) | H5: する
A6: A05 | B6: 朝と夜 | C6: 朝いちばんに飲むものは? | D6: 水・白湯 | E6: コーヒー | F6: お茶 | G6: 野菜ジュース・スムージー | H6: する
A7: A06 | B7: 朝と夜 | C7: 夜ふかしすると、ついやってしまうのは? | D7: 動画を見続ける | E7: ゲーム | F7: 調べものが止まらない | G7: ネットでカートに入れるだけ | H7: する
A8: A07 | B8: 朝と夜 | C8: 寝るときの部屋は? | D8: 真っ暗 | E8: 豆電球をつける | F8: テレビや動画をつけたまま | G8: 音楽・ラジオを流す | H8: する
A9: A08 | B9: 朝と夜 | C9: 平日の夜ごはんは? | D9: 自炊 | E9: コンビニ・スーパー | F9: 外食 | G9: 作り置きのローテーション | H9: する
A10: A09 | B10: 朝と夜 | C10: お風呂の時間は? | D10: 10分以内 | E10: 20〜30分 | F10: 1時間以上 | G10: 日によって全然違う | H10: する
A11: A10 | B11: 朝と夜 | C11: 朝の支度にかかる時間は? | D11: 15分以内 | E11: 30分くらい | F11: 1時間以上 | G11: 前の晩に全部準備しておく | H11: する
A12: B01 | B12: 食べ物 | C12: ラーメン屋で頼むのは? | D12: とんこつ | E12: 醤油 | F12: 味噌 | G12: つけ麺・まぜそば | H12: する
A13: B02 | B13: 食べ物 | C13: コンビニで最初に向かう棚は? | D13: 飲み物 | E13: お弁当・おにぎり | F13: スイーツ | G13: 新商品コーナー | H13: する
... A91: I10 | B91: 趣味 | C91: これから始めたい趣味は? | D91: 料理 | E91: 語学 | F91: 楽器 | G91: 「始めたい」と言い続けている | H91: する

Sheet 集計
A1: ジャンル | B1: 登録数 | C1: 使用する | D1: 使用しない
A2: 朝と夜 | B2: =COUNTIF(お題一覧!$B$2:$B$91,A2) -> 10 | C2: =COUNTIFS(お題一覧!$B$2:$B$91,A2,お題一覧!$H$2:$H$91,"する") -> 10 | D2: =COUNTIFS(お題一覧!$B$2:$B$91,A2,お題一覧!$H$2:$H$91,"しない") -> 0
A3: 食べ物 | B3: =COUNTIF(お題一覧!$B$2:$B$91,A3) -> 10 | C3: =COUNTIFS(お題一覧!$B$2:$B$91,A3,お題一覧!$H$2:$H$91,"する") -> 10 | D3: =COUNTIFS(お題一覧!$B$2:$B$91,A3,お題一覧!$H$2:$H$91,"しない") -> 0
A4: 休日 | B4: =COUNTIF(お題一覧!$B$2:$B$91,A4) -> 10 | C4: =COUNTIFS(お題一覧!$B$2:$B$91,A4,お題一覧!$H$2:$H$91,"する") -> 10 | D4: =COUNTIFS(お題一覧!$B$2:$B$91,A4,お題一覧!$H$2:$H$91,"しない") -> 0
A5: 部屋 | B5: =COUNTIF(お題一覧!$B$2:$B$91,A5) -> 10 | C5: =COUNTIFS(お題一覧!$B$2:$B$91,A5,お題一覧!$H$2:$H$91,"する") -> 10 | D5: =COUNTIFS(お題一覧!$B$2:$B$91,A5,お題一覧!$H$2:$H$91,"しない") -> 0
A6: 子どもの頃 | B6: =COUNTIF(お題一覧!$B$2:$B$91,A6) -> 10 | C6: =COUNTIFS(お題一覧!$B$2:$B$91,A6,お題一覧!$H$2:$H$91,"する") -> 10 | D6: =COUNTIFS(お題一覧!$B$2:$B$91,A6,お題一覧!$H$2:$H$91,"しない") -> 0
A7: 性格・習慣 | B7: =COUNTIF(お題一覧!$B$2:$B$91,A7) -> 10 | C7: =COUNTIFS(お題一覧!$B$2:$B$91,A7,お題一覧!$H$2:$H$91,"する") -> 10 | D7: =COUNTIFS(お題一覧!$B$2:$B$91,A7,お題一覧!$H$2:$H$91,"しない") -> 0
A8: 音楽 | B8: =COUNTIF(お題一覧!$B$2:$B$91,A8) -> 10 | C8: =COUNTIFS(お題一覧!$B$2:$B$91,A8,お題一覧!$H$2:$H$91,"する") -> 10 | D8: =COUNTIFS(お題一覧!$B$2:$B$91,A8,お題一覧!$H$2:$H$91,"しない") -> 0
A9: ファッション | B9: =COUNTIF(お題一覧!$B$2:$B$91,A9) -> 10 | C9: =COUNTIFS(お題一覧!$B$2:$B$91,A9,お題一覧!$H$2:$H$91,"する") -> 10 | D9: =COUNTIFS(お題一覧!$B$2:$B$91,A9,お題一覧!$H$2:$H$91,"しない") -> 0
A10: 趣味 | B10: =COUNTIF(お題一覧!$B$2:$B$91,A10) -> 10 | C10: =COUNTIFS(お題一覧!$B$2:$B$91,A10,お題一覧!$H$2:$H$91,"する") -> 10 | D10: =COUNTIFS(お題一覧!$B$2:$B$91,A10,お題一覧!$H$2:$H$91,"しない") -> 0
A11: 合計 | B11: =SUM(B2:B10) -> 90 | C11: =SUM(C2:C10) -> 90 | D11: =SUM(D2:D10) -> 0
A14: ※「お題一覧」シートの「使用」列を変えると自動で集計されます。
